,Unnamed: 0,domain,id,id_str,party,screen_name,state
11287,11287,1.0,1629838772,1629838772,BJP,KaushalDaveDk,Gujarat
6762,6762,1.0,3767840414,3767840414,BJP,ssschauhan13,Uttar Pradesh
17662,17662,1.0,1970171502,1970171502,BJP,saikumarakula2,Maharashtra
18379,18379,,924987338110808064,924987338110808064,BJP,Meetrajsinhbjym,To Be Added
15737,15737,1.0,868840407827927040,868840407827927040,BJP,maharaj_anshul,Madhya Pradesh
7188,7188,1.0,2569992123,2569992123,BJP,NishankGarg4,Uttar Pradesh
12182,12182,1.0,824649505974996992,824649505974996992,BJP,NiteshKhare7,Gujarat
13528,13528,1.0,992072353218613248,992072353218613248,BJP,TalibSh46426810,Jammu and Kashmir
13208,13208,1.0,701639596396818433,701639596396818432,BJP,Ashishsharma_29,Himachal Pradesh
6975,6975,1.0,593473758,593473758,BJP,ashishmauarya,Uttar Pradesh
5903,5903,1.0,944097717692723200,944097717692723200,BJP,ChummanSahu17,Chhattisgarh
6280,6280,1.0,938286350142529537,938286350142529536,BJP,ChampaDeviPawle,Chhattisgarh
11878,11878,1.0,4474571173,4474571173,BJP,NIRAVDAVE9126,Gujarat
19879,19879,,2316603348,2316603348,BJP,SWAP7PATEL,To Be Added
31093,31093,,1046027130491088906,1046027130491088896,BJP,munenakoppa_mla,To Be Added
6957,6957,1.0,2357886218,2357886218,BJP,ashokkrgoyalbjp,Uttar Pradesh
23417,23417,,939100219639074816,939100219639074816,BJP,TrishalaSH91,To Be Added
29405,29405,,1537188984,1537188984,BJP,OdishaStateBJP,To Be Added
3259,3259,1.0,1259456795711401987,1259456795711401984,BJP,RamgopalSuthar,Rajasthan
23605,23605,,775702069781159936,775702069781159936,BJP,NileshPatel8488,To Be Added
15314,15314,1.0,759660774071558144,759660774071558144,BJP,Karan4BJP,Madhya Pradesh
15610,15610,1.0,175663999,175663999,BJP,brijesh_upadhya,Madhya Pradesh
12296,12296,1.0,982971385852121088,982971385852121088,BJP,GajendraLabana3,Gujarat
3145,3145,1.0,303990125,303990125,BJP,dparam4BJP,Rajasthan
20962,20962,,945385010495873025,945385010495873024,BJP,DrNishaSaxena,To Be Added
11149,11149,1.0,395319498,395319498,BJP,ChintanMehtaCM,Gujarat
15715,15715,1.0,1076456768350281728,1076456768350281728,BJP,LalawatRocky,Madhya Pradesh
13175,13175,1.0,2663468724,2663468724,BJP,abvphp,Himachal Pradesh
9530,9530,1.0,729256273149976576,729256273149976576,BJP,durgeshabvpjnu,Delhi
5858,5858,1.0,962574864526729216,962574864526729216,BJP,abvp4bilaspur,Chhattisgarh
12664,12664,1.0,4750092015,4750092015,BJP,Meenaparmar1977,Haryana
9161,9161,1.0,762611668681568257,762611668681568256,BJP,DrSubhashMoS,Delhi
32140,32140,,847839610914848769,847839610914848768,BJP,bhavin_bjp,To Be Added
11872,11872,1.0,740183851415273472,740183851415273472,BJP,AjayPatel0105,Gujarat
8107,8107,1.0,811083591593639937,811083591593639936,BJP,i_dineshchauhan,Uttarakhand
32268,32268,,1066302270558486533,1066302270558486528,BJP,assam_bjp,To Be Added
27475,27475,,760369057359097856,760369057359097856,BJP,thakurarunbjp,To Be Added
25213,25213,,828925316668198912,828925316668198912,BJP,SatishKumarKou1,To Be Added
17582,17582,1.0,366189960,366189960,BJP,mukeshmishra207,Maharashtra
15365,15365,1.0,4758531612,4758531612,BJP,Murlidhar_Bjp,Madhya Pradesh
2307,2307,1.0,1001478435083030528,1001478435083030528,BJP,RoulSanjeeb,Odisha
19974,19974,,1004326299400224769,1004326299400224768,BJP,Krishna25724422,To Be Added
11689,11689,1.0,4014327259,4014327259,BJP,Smit_B_Patel,Gujarat
23462,23462,,707887894522888192,707887894522888192,BJP,SmitDes28214494,To Be Added
16771,16771,1.0,70121276,70121276,BJP,SidShirole,Maharashtra
10959,10959,1.0,4235895166,4235895166,BJP,pagareharish1,Gujarat
31429,31429,,1083744705576202244,1083744705576202240,BJP,Sstawde,To Be Added
6242,6242,1.0,1702394346,1702394346,BJP,Rupak91Rupak,Tripura
17367,17367,1.0,1319017560,1319017560,BJP,PandeyNachiketa,To Be Added
11799,11799,1.0,739844528,739844528,BJP,VaishalOfficial,Gujarat
24669,24669,,4906263278,4906263278,BJP,BjpRajora,To Be Added
14973,14973,1.0,973423814133493760,973423814133493760,BJP,AbvpCucek,Kerala
9765,9765,1.0,987620749488939008,987620749488939008,BJP,atulguptabjp,Delhi
14284,14284,1.0,2654329412,2654329412,BJP,MouryaBjp,Karnataka
20936,20936,,887622416591196160,887622416591196160,BJP,anand_muskaan,To Be Added
32314,32314,,2438388152,2438388152,BJP,divyaraj9021,To Be Added
3054,3054,1.0,103148549,103148549,BJP,akhileshconsul,Rajasthan
32274,32274,,1021374197648449537,1021374197648449536,BJP,RMuniyandi7,To Be Added
7007,7007,1.0,890117557755236352,890117557755236352,BJP,kanpur_ashish,Uttar Pradesh
8563,8563,1.0,770521393637318656,770521393637318656,BJP,Somnath84415894,West Bengal
18350,18350,,224127469,224127469,BJP,mahendrabjp,To Be Added
20169,20169,,1657496262,1657496262,BJP,Ghanshyamdasagr,To Be Added
3685,3685,1.0,906410163602579456,906410163602579456,BJP,Sunnybhatt9033,Gujarat
7195,7195,1.0,982508254491062272,982508254491062272,BJP,RamsantS,Uttar Pradesh
13304,13304,1.0,1677335802,1677335802,BJP,sunilthakurbjym,Himachal Pradesh
2870,2870,1.0,792962693732954112,792962693732954112,BJP,P97231464,To Be Added
26446,26446,,787209954490998784,787209954490998784,BJP,Ragavankottur,To Be Added
12127,12127,1.0,1092582498,1092582498,BJP,mohitpatelbjp,Gujarat
11787,11787,1.0,1710036487,1710036487,BJP,amitpatel1903,Gujarat
12641,12641,1.0,2739792488,2739792488,BJP,ChBirenderBJP,Haryana
193,193,1.0,803222883782643712,803222883782643712,BJP,jitubhandup,Maharashtra
15569,15569,1.0,707937186872688641,707937186872688640,BJP,onlinesubodh,Madhya Pradesh
19196,19196,,785924988444389376,785924988444389376,BJP,Bjp4Bhavnagar,To Be Added
26341,26341,,4707218680,4707218680,BJP,vinaysi22996210,To Be Added
3385,3385,1.0,876371641344737280,876371641344737280,BJP,ramukotakonda,Telangana
15583,15583,1.0,833735861699223552,833735861699223552,BJP,Mayuresh9677,Madhya Pradesh
11472,11472,1.0,483726793,483726793,BJP,MitNaik007,Gujarat
29420,29420,,3221251555,3221251555,BJP,milinddharwad,To Be Added
9138,9138,1.0,250677217,250677217,BJP,aniljaindr,Delhi
9333,9333,1.0,575325061,575325061,BJP,Modifiedanand,To Be Added
20885,20885,,727938224253886464,727938224253886464,BJP,MYadavOfficial,To Be Added
12017,12017,1.0,4492548496,4492548496,BJP,NikhiLBhagora1,Gujarat
26201,26201,,852095226760089600,852095226760089600,BJP,LarokarK,To Be Added
3093,3093,1.0,847684652676468736,847684652676468736,BJP,Devchoudhay6464,Rajasthan
3195,3195,1.0,994318350,994318350,BJP,manthanp96,Rajasthan
11583,11583,1.0,356052123,356052123,BJP,Rajendradabhi,Gujarat
17142,17142,1.0,2284465296,2284465296,BJP,BajpaiUsha,Maharashtra
6541,6541,1.0,700646845,700646845,BJP,MohitBeniwalBJP,Uttar Pradesh
2300,2300,1.0,1009642404457009152,1009642404457009152,BJP,ParsuramPatel4,Odisha
20097,20097,,879538805149138944,879538805149138944,BJP,NARAYANDASBJP,To Be Added
6291,6291,1.0,140737357,140737357,BJP,Nav4neet,Chhattisgarh
9407,9407,1.0,781495553284775936,781495553284775936,BJP,nakul_bjp,Delhi
16908,16908,1.0,757907924563787776,757907924563787776,BJP,Subhash53806702,Maharashtra
8543,8543,1.0,880426816460251137,880426816460251136,BJP,RiteshSingh1985,West Bengal
32475,32475,,852455790250041344,852455790250041344,BJP,HardeepSamkriya,To Be Added
16390,16390,1.0,910343325001093120,910343325001093120,BJP,saketbihariBjym,Bihar
10826,10826,1.0,1603871420,1603871420,BJP,samirbjp,Gujarat
32738,32738,,106715286,106715286,BJP,BGV999,To Be Added
22670,22670,,1156263560,1156263560,BJP,ravi4nation,To Be Added
16565,16565,1.0,1664992976,1664992976,BJP,BJPSanjayJoshi,Maharashtra
12366,12366,1.0,1958869423,1958869423,BJP,abid_sosan,Gujarat
3246,3246,1.0,799955497361272832,799955497361272832,BJP,pandit_jalebjp,Rajasthan
12035,12035,1.0,2447278862,2447278862,BJP,rsbharvad16,Gujarat
30105,30105,,1374274436,1374274436,BJP,MayurRangani,To Be Added
24491,24491,,874699197164826624,874699197164826624,BJP,NabamMavan,To Be Added
11763,11763,1.0,2301413004,2301413004,BJP,choudharysumara,Gujarat
12389,12389,1.0,714415208278528000,714415208278528000,BJP,DubeyYajuvendra,Gujarat
14344,14344,1.0,313385782,313385782,BJP,teamfoxride,Karnataka
15773,15773,1.0,2457669752,2457669752,BJP,lateshmeet,Madhya Pradesh
11729,11729,1.0,846299769182044160,846299769182044160,BJP,idhawalbjp,Gujarat
3382,3382,1.0,935209896500281344,935209896500281344,BJP,Akhiles37963520,Rajasthan
28053,28053,,1049668342531874816,1049668342531874816,BJP,VidyaBhardwaj4,To Be Added
27087,27087,,982782596105908224,982782596105908224,BJP,AbhileshThakkar,To Be Added
8472,8472,1.0,796940627061506048,796940627061506048,BJP,Shambhu_bjp,West Bengal
27621,27621,,1043096056337186816,1043096056337186816,BJP,JayeshP31805858,To Be Added
11577,11577,1.0,2601799248,2601799248,BJP,pankajmchandak1,To Be Added
9650,9650,1.0,804634193082785794,804634193082785792,BJP,ShaheenSaini,Delhi
8054,8054,1.0,2467635216,2467635216,BJP,MLAPremAggarwal,Uttarakhand
21866,21866,,3274824284,3274824284,BJP,bjpamoljadhav,To Be Added
15454,15454,1.0,876798489036025856,876798489036025856,BJP,DhirajPatidar18,Madhya Pradesh
9486,9486,1.0,1266729811440996353,1266729811440996352,BJP,BjymG,Delhi
26006,26006,,125629198,125629198,BJP,satyaranjanbora,To Be Added
11132,11132,1.0,773953073559511040,773953073559511040,BJP,BJPVirendrasinh,Gujarat
3062,3062,1.0,713432100310028288,713432100310028288,BJP,PuspJain,Rajasthan
9165,9165,1.0,243852862,243852862,BJP,DushyantDholpur,Delhi
20691,20691,,828965900254576641,828965900254576640,BJP,ChavdaBjp,To Be Added
15682,15682,1.0,873202662875041793,873202662875041792,BJP,RakeshR98154849,Madhya Pradesh
28991,28991,,766907742779019264,766907742779019264,BJP,kapilsharma658,To Be Added
27949,27949,,1015935139749089280,1015935139749089280,BJP,Kamlesh09219347,To Be Added
12436,12436,1.0,884696041102000128,884696041102000128,BJP,AnkitRadadiya14,Gujarat
11317,11317,1.0,1042016882,1042016882,BJP,PruthvishPandya,Gujarat
23078,23078,,1962864890,1962864890,BJP,naveenybw,To Be Added
11668,11668,1.0,865838850496753664,865838850496753664,BJP,rohitrnb93,Assam
24636,24636,,118745642,118745642,BJP,erdevinderrana,To Be Added
19106,19106,,735770248939347969,735770248939347968,BJP,Gautamgauswami_,To Be Added
26622,26622,,219249052,219249052,BJP,ivishalParmar,To Be Added
11919,11919,1.0,938995787547123712,938995787547123712,BJP,Ajaypra90327030,Gujarat
2201,2201,1.0,1011848957251600384,1011848957251600384,BJP,AjMishra15,Odisha
12526,12526,1.0,999313259441336320,999313259441336320,BJP,PrinceC76971401,Gujarat
22693,22693,,1081438497590951937,1081438497590951936,BJP,TiriTaring,To Be Added
7062,7062,1.0,3323864484,3323864484,BJP,krishan0501,Uttar Pradesh
2327,2327,1.0,862397585654415360,862397585654415360,BJP,SwainJayanti,Overseas
15322,15322,1.0,323735187,323735187,BJP,ChetanyaKasyap,Madhya Pradesh
12359,12359,1.0,951755880,951755880,BJP,Imran__Malek,Gujarat
21607,21607,,365348207,365348207,BJP,manji_ahir,To Be Added
16700,16700,1.0,935837887060369408,935837887060369408,BJP,iBhanuAditya,Bihar
30699,30699,,2662413452,2662413452,BJP,sanjay_kenekar,To Be Added
26782,26782,,1160277244008288256,1160277244008288256,BJP,Jagdish_neelam,To Be Added
12298,12298,1.0,874944854970818560,874944854970818560,BJP,Bhavesh12544642,Gujarat
19324,19324,,4547392045,4547392045,BJP,mukeshsonibjp,To Be Added
11900,11900,1.0,880285297489174528,880285297489174528,BJP,Manharsinh1982,Gujarat
12620,12620,1.0,295833852,295833852,BJP,mlkhattar,Haryana
7181,7181,1.0,2533132045,2533132045,BJP,NirmalRichas,Uttar Pradesh
6995,6995,1.0,943300488446984193,943300488446984192,BJP,ChaudharyDeven6,Uttar Pradesh
233,233,1.0,1021001490423599110,1021001490423599104,BJP,Jayshar26386972,Maharashtra
12198,12198,1.0,959060372409016321,959060372409016320,BJP,SurajSi27173783,Gujarat
17712,17712,1.0,775700600495431680,775700600495431680,BJP,Raosahebkorde1,Maharashtra
20722,20722,,437725718,437725718,BJP,Uditdeb101,To Be Added
20845,20845,,1090500921316888576,1090500921316888576,BJP,bias_thakur,To Be Added
29575,29575,,324282726,324282726,BJP,lakhvindersing2,To Be Added
26205,26205,,1021391116099203073,1021391116099203072,BJP,bjp4kasauli,To Be Added
11012,11012,1.0,837893941005541377,837893941005541376,BJP,jayanta9121,Assam
22535,22535,,735038803019063297,735038803019063296,BJP,DrDevjiPatelBJP,To Be Added
25729,25729,,847322170346708993,847322170346708992,BJP,ganeshmishrabjp,To Be Added
12245,12245,1.0,3308812616,3308812616,BJP,ranajoyduttach1,Assam
28373,28373,,1019060411356844032,1019060411356844032,BJP,KhSoniaDevi1,To Be Added
13214,13214,1.0,850596729498087424,850596729498087424,BJP,BJP4Nurpur_HP,Himachal Pradesh
555,555,1.0,243009790,243009790,BJP,KyrshanBJP,Meghalaya
9404,9404,1.0,226133675,226133675,BJP,ptvishalbjp,Delhi
13908,13908,1.0,858956128360816640,858956128360816640,BJP,JitenduS,Jharkhand
29847,29847,,777399873205264384,777399873205264384,BJP,BJPRaigad,To Be Added
5727,5727,1.0,140870690,140870690,BJP,Mayurmatam,Telangana
7053,7053,1.0,136913945,136913945,BJP,Deepmishra54,Uttar Pradesh
27043,27043,,1110915589642477569,1110915589642477568,BJP,TridibjyotiM,To Be Added
16567,16567,1.0,155571011,155571011,BJP,anandemp,Bihar
21125,21125,,956030403219021831,956030403219021824,BJP,RAMSASITN,To Be Added
17523,17523,1.0,884219810,884219810,BJP,anandcardio,Bihar
11810,11810,1.0,821300113490505728,821300113490505728,BJP,jatingoriya,Gujarat
5804,5804,1.0,993076252230668288,993076252230668288,BJP,diyanathalikhan,Telangana
2389,2389,1.0,2572699674,2572699674,BJP,rbsharmabjp,Puducherry
3282,3282,1.0,935096953096024064,935096953096024064,BJP,kushbjym,Rajasthan
23177,23177,,4722199308,4722199308,BJP,RekhaMAHAJAN7,To Be Added
9150,9150,1.0,1124361566,1124361566,BJP,rameshbidhuri,Delhi
6878,6878,1.0,2270537419,2270537419,BJP,AshokPradhan_13,Uttar Pradesh
25788,25788,,809833024372097024,809833024372097024,BJP,sagarrane1111,To Be Added
9584,9584,1.0,958765733441306626,958765733441306624,BJP,lamba_shivani,Delhi
9270,9270,1.0,2355942936,2355942936,BJP,rani_ruhal,To Be Added
15445,15445,1.0,2170261634,2170261634,BJP,sanjaypaswanbjp,Bihar
24795,24795,,872058668879147008,872058668879147008,BJP,harischandrabjp,To Be Added
22458,22458,,191036607,191036607,BJP,bjym_2010,To Be Added
12682,12682,1.0,456753810,456753810,BJP,PawanKumarIND,Haryana
8344,8344,1.0,3115280588,3115280588,BJP,MukulR_Official,West Bengal
3673,3673,1.0,2581985274,2581985274,BJP,bjprohit9,Rajasthan
13195,13195,1.0,3097363859,3097363859,BJP,AgniChirag,Himachal Pradesh
8417,8417,1.0,137773539,137773539,BJP,rajarshilahiri,West Bengal
20521,20521,,708563137562214400,708563137562214400,BJP,MukeshDwivediMP,To Be Added
20301,20301,,920196639599476737,920196639599476736,BJP,PramodV781,To Be Added
18225,18225,,1065218786717065216,1065218786717065216,BJP,AnjanaB66052583,To Be Added
31529,31529,,1200759318817042432,1200759318817042432,BJP,moolchandbjphry,To Be Added
22389,22389,,3645145993,3645145993,BJP,ANeekhar,To Be Added
17632,17632,1.0,138325234,138325234,BJP,sureshdoshi42,Maharashtra
17496,17496,1.0,270898303,270898303,BJP,badalkulkarni,Maharashtra
17289,17289,1.0,1458394208,1458394208,BJP,BalajiP75444327,Maharashtra
11097,11097,1.0,572000507,572000507,BJP,jtckutch,Gujarat
19335,19335,,708901312415465472,708901312415465472,BJP,NehaSingh_BJYM,To Be Added
11375,11375,1.0,3139112774,3139112774,BJP,KuldeepBarotBJP,Gujarat
5724,5724,1.0,2428595762,2428595762,BJP,DrGVivekanand,Telangana
32046,32046,,899211521556754432,899211521556754432,BJP,BJPITDGL,To Be Added
10759,10759,1.0,2943671702,2943671702,BJP,HiteshBarotBJP,Gujarat
17578,17578,1.0,915427195673120768,915427195673120768,BJP,AvinashYadavBJP,Bihar
15330,15330,1.0,799179186795675649,799179186795675648,BJP,KamalPatelBJP,Madhya Pradesh
20109,20109,,3369674594,3369674594,BJP,dharmvir_9,To Be Added
27914,27914,,590576845,590576845,BJP,hnaik16,To Be Added
11855,11855,1.0,872155052491845632,872155052491845632,BJP,SureshbhaiDhar1,Gujarat
24357,24357,,2245428660,2245428660,BJP,Aarts19,To Be Added
22569,22569,,1936599608,1936599608,BJP,sandipchoksi,To Be Added
12227,12227,1.0,806884356027543553,806884356027543552,BJP,divyang_96,Gujarat
8438,8438,1.0,866183487472009216,866183487472009216,BJP,SushilKrShaw,West Bengal
9804,9804,1.0,1050962131280154624,1050962131280154624,BJP,bjpdoctorcellns,Delhi
24974,24974,,990971947516182528,990971947516182528,BJP,panditratnakar,To Be Added
8560,8560,1.0,917779216531202049,917779216531202048,BJP,BhowmikSishir,To Be Added
29999,29999,,790394598,790394598,BJP,jayshahIN,To Be Added
11876,11876,1.0,899149613856210945,899149613856210944,BJP,Kanaksinhjizala,Gujarat
2463,2463,1.0,3146088679,3146088679,BJP,officialYAD,Punjab
11885,11885,1.0,1192574917,1192574917,BJP,akashdarji9797,Gujarat
3200,3200,1.0,1006097007209902080,1006097007209902080,BJP,DeviSinghBJP,Rajasthan
28091,28091,,3139196904,3139196904,BJP,DharamSaraswala,To Be Added
15587,15587,1.0,942433857361588224,942433857361588224,BJP,Anandsh45821807,Madhya Pradesh
15726,15726,1.0,950063589179535360,950063589179535360,BJP,VoiceofVN,Madhya Pradesh
8532,8532,1.0,359280598,359280598,BJP,abhinavsharma67,West Bengal
24345,24345,,1197800349110689794,1197800349110689792,BJP,ArvindBJPmp,To Be Added
12714,12714,1.0,381835671,381835671,BJP,sumitcharaya1,Haryana
26095,26095,,178673779,178673779,BJP,shdavda,To Be Added
9401,9401,1.0,168538459,168538459,BJP,YogeshAttray,Delhi
15324,15324,1.0,2838143426,2838143426,BJP,vijayathwalabvp,Madhya Pradesh
10417,10417,1.0,753133585767489536,753133585767489536,BJP,BJP4Lakshadweep,Lakshadweep
19484,19484,,890932199112851456,890932199112851456,BJP,UmakantaSharma3,To Be Added
12463,12463,1.0,519630589,519630589,BJP,drjjrana,Gujarat
2015,2015,1.0,342642178,342642178,BJP,ashoksahu53,Odisha
13869,13869,1.0,729735139052425216,729735139052425216,BJP,ami2vish,Jharkhand
2509,2509,1.0,1576801598,1576801598,BJP,BJPPunjab,To Be Added
11225,11225,1.0,2906700578,2906700578,BJP,nikhilpatel_Bjp,Gujarat
32902,32902,,1079048771319693312,1079048771319693312,BJP,RKhajta,To Be Added
29158,29158,,1019503921742655489,1019503921742655488,BJP,vipulbrathod,To Be Added
15380,15380,1.0,4748663353,4748663353,BJP,SanjayPahariya,Madhya Pradesh
11585,11585,1.0,877152349122314241,877152349122314240,BJP,JadejaJ25714305,Gujarat
8044,8044,1.0,2946844351,2946844351,BJP,AjendraAjay,Uttarakhand
19242,19242,,2391408757,2391408757,BJP,rahulyadav18000,To Be Added
29493,29493,,958602976599265280,958602976599265280,BJP,Sachchi91806532,To Be Added
27114,27114,,864720933218603009,864720933218603008,BJP,abvpcg,To Be Added
19073,19073,,1366281216,1366281216,BJP,BNBBJP,To Be Added
12200,12200,1.0,1089370397298966528,1089370397298966528,BJP,BhavinBhut_22,Gujarat
26991,26991,,858276744607834113,858276744607834112,BJP,patelashokbjp,To Be Added
16632,16632,1.0,784476373,784476373,BJP,ABVPMumbai,Maharashtra
23055,23055,,759747143489888257,759747143489888256,BJP,MaheshChoughule,To Be Added
27046,27046,,770733290496008193,770733290496008192,BJP,DrRakeshSaxena5,To Be Added
3449,3449,1.0,705352482868695040,705352482868695040,BJP,atul_chotiya,Rajasthan
8544,8544,1.0,1550967684,1550967684,BJP,RonitPatnayak,West Bengal
23370,23370,,779683183944138756,779683183944138752,BJP,DilipKannan,To Be Added
23237,23237,,844191609134759938,844191609134759936,BJP,BjpSzalawadiya,To Be Added
12149,12149,1.0,922052346477207552,922052346477207552,BJP,GirishbhaiJaga3,Gujarat
29996,29996,,866893448934117376,866893448934117376,BJP,CRNandakumar3,To Be Added
30369,30369,,3007973989,3007973989,BJP,SumitRathodBJP,To Be Added
3415,3415,1.0,835386610631983104,835386610631983104,BJP,dev_kishan_maru,Rajasthan
11241,11241,1.0,760700673302401024,760700673302401024,BJP,ivyasharsh,Gujarat
31284,31284,,885402148892049408,885402148892049408,BJP,GRoyalgolu,To Be Added
4911,4911,1.0,2721315086,2721315086,BJP,bjploganathan,Tamil Nadu
5728,5728,1.0,753444762657574916,753444762657574912,BJP,vikkychavan,Telangana
8476,8476,1.0,114420423,114420423,BJP,pawanbjpwb,West Bengal
12209,12209,1.0,1258855002,1258855002,BJP,hiteshtrivedi71,Gujarat
9487,9487,1.0,2299193442,2299193442,BJP,KunwarSChauhan,Delhi
12452,12452,1.0,2321158314,2321158314,BJP,ankit9558,Gujarat
10928,10928,1.0,1410193752,1410193752,BJP,NeelNeelrao48,Gujarat
18115,18115,,1425910860,1425910860,BJP,HimachalCM,To Be Added
22181,22181,,995219409160421376,995219409160421376,BJP,sureshm14371690,To Be Added
10774,10774,1.0,919039733308604416,919039733308604416,BJP,TheYadavPrince,Gujarat
3593,3593,1.0,769929180523945985,769929180523945984,BJP,anjum1109,Rajasthan
32750,32750,,2925509090,2925509090,BJP,lalitkansalBjp,To Be Added
22176,22176,,1165273574,1165273574,BJP,bjpvinayakpawar,To Be Added
3464,3464,1.0,2879584525,2879584525,BJP,adityakatariyac,Rajasthan
3388,3388,1.0,766131576786784256,766131576786784256,BJP,rraj_95,Rajasthan
4928,4928,1.0,922062178701549570,922062178701549568,BJP,SanjuK89,Tamil Nadu
17512,17512,1.0,3716800633,3716800633,BJP,TherapistSudhir,Bihar
14936,14936,1.0,3236284555,3236284555,BJP,e538477728b94c0,Kerala
27499,27499,,918081551035854848,918081551035854848,BJP,SiddarajKalkoti,To Be Added
29765,29765,,778466604363362304,778466604363362304,BJP,RChhelana,To Be Added
13288,13288,1.0,1081229851091132416,1081229851091132416,BJP,Sunanda30525520,Himachal Pradesh
30527,30527,,2686868041,2686868041,BJP,DeepakJainTinu,To Be Added
22611,22611,,138499643,138499643,BJP,amitpradhaan,To Be Added
17588,17588,1.0,750020766406553603,750020766406553600,BJP,ABVPVidyanagari,Maharashtra
12687,12687,1.0,888341467667759104,888341467667759104,BJP,jitenderchdhry,Haryana
21579,21579,,730991898052022273,730991898052022272,BJP,bsbhagatbjp,To Be Added
9506,9506,1.0,354742013,354742013,BJP,omramsaket,Delhi
11291,11291,1.0,293385276,293385276,BJP,diganta68,Assam
12705,12705,1.0,2237186005,2237186005,BJP,SomnathPoonia,To Be Added
19291,19291,,835520079639031808,835520079639031808,BJP,iNisargVyas,To Be Added
30337,30337,,2847658866,2847658866,BJP,gksbalu,To Be Added
27552,27552,,1072861036590419968,1072861036590419968,BJP,ImManasjha,To Be Added
21927,21927,,1060495231,1060495231,BJP,BJPManipur,To Be Added
24704,24704,,1637795946,1637795946,BJP,rajeev_bjp,To Be Added
16445,16445,1.0,752074850399883264,752074850399883264,BJP,RupeshBjp,Bihar
306,306,1.0,1090156476721590272,1090156476721590272,BJP,UpadhyeT,Maharashtra
2170,2170,1.0,845331168123858945,845331168123858944,BJP,PandaRadharani,Odisha
6510,6510,1.0,54937719,54937719,BJP,ashutri74,Uttar Pradesh
15244,15244,1.0,779892669250101248,779892669250101248,BJP,drnarottammisra,Madhya Pradesh
6809,6809,1.0,1036944964410781696,1036944964410781696,BJP,BJP4LSKaushambi,Uttar Pradesh
26734,26734,,776399734869196800,776399734869196800,BJP,GadhviBalwant,To Be Added
24363,24363,,923792113346625536,923792113346625536,BJP,Selfless_Always,To Be Added
26519,26519,,905335833040789504,905335833040789504,BJP,MPDRBDShyal1,To Be Added
17663,17663,1.0,793833111209607169,793833111209607168,BJP,Aditya69902634,Maharashtra
24162,24162,,761065992394903553,761065992394903552,BJP,TilkerDinesh,To Be Added
11279,11279,1.0,165354413,165354413,BJP,technovenkat,Andhra Pradesh
14320,14320,1.0,964539906776354816,964539906776354816,BJP,dr_huli,Karnataka
19376,19376,,782658793771376640,782658793771376640,BJP,ravimparmar,To Be Added
13493,13493,1.0,836099005868224512,836099005868224512,BJP,CpGanga,Jammu and Kashmir
23052,23052,,1100619770985099264,1100619770985099264,BJP,HoneyJadejaBJP,To Be Added
13916,13916,1.0,980998775383588867,980998775383588864,BJP,RajeshP26674417,Jharkhand
11019,11019,1.0,725671705683759104,725671705683759104,BJP,Chetank79665132,Gujarat
16829,16829,1.0,1210883185,1210883185,BJP,MilindSai30,Maharashtra
2466,2466,1.0,1890390079,1890390079,BJP,PalFotolab,Punjab
3197,3197,1.0,728400817,728400817,BJP,ajayacharyabjp,Rajasthan
23234,23234,,1712926778,1712926778,BJP,NeelaSoniRathod,To Be Added
12181,12181,1.0,2340325345,2340325345,BJP,yashrajsinh3,Gujarat
30249,30249,,906907547365294080,906907547365294080,BJP,Bhaskars4bjp,To Be Added
23357,23357,,915218030510014465,915218030510014464,BJP,bjymsidhi,To Be Added
14258,14258,1.0,2721692881,2721692881,BJP,shivuhbjp,Karnataka
14248,14248,1.0,722499886160224256,722499886160224256,BJP,rajupatiltelkur,Karnataka
12501,12501,1.0,531981027,531981027,BJP,CMRamesh_MP,Andhra Pradesh
22614,22614,,858191597191692288,858191597191692288,BJP,iHirenShukla,To Be Added
25267,25267,,859080887530663938,859080887530663936,BJP,AnkeshY471995,To Be Added
9505,9505,1.0,2479492861,2479492861,BJP,alokgiribjp,Delhi
12224,12224,1.0,771331147221590017,771331147221590016,BJP,PaneriKautilya,To Be Added
10701,10701,1.0,891698809235013632,891698809235013632,BJP,SadhnaPandey18,Assam
12677,12677,1.0,1831011175,1831011175,BJP,VikasSharmaBJPH,Haryana
28380,28380,,2445607681,2445607681,BJP,Phaneeshnv,To Be Added
17014,17014,1.0,156018053,156018053,BJP,AkshayBhade5,Maharashtra
18344,18344,,1410923102,1410923102,BJP,AtmaramPatel,To Be Added
3038,3038,1.0,2882796739,2882796739,BJP,sihagrakesh2013,Rajasthan
1795,1795,1.0,844412461268848642,844412461268848640,BJP,lalitrashtawadi,To Be Added
6025,6025,1.0,806220927763509248,806220927763509248,BJP,amitraipur77,Chhattisgarh
11330,11330,1.0,442038802,442038802,BJP,deepak6682,Gujarat
23128,23128,,1033507888700899328,1033507888700899328,BJP,sharma_drsanjay,To Be Added
350,350,1.0,995691624473575424,995691624473575424,BJP,GaradYogiraj,Maharashtra
27765,27765,,2300341069,2300341069,BJP,AshokSutaria,To Be Added
12290,12290,1.0,892451864012365824,892451864012365824,BJP,HemantJadav15,Gujarat
6353,6353,1.0,2587176018,2587176018,BJP,priyankaMP_BBK,Uttar Pradesh
3035,3035,1.0,4907971482,4907971482,BJP,OfficeOfOmsingh,Rajasthan
9674,9674,1.0,887013163354398720,887013163354398720,BJP,AlirazabilalB,Delhi
26106,26106,,910918031781457920,910918031781457920,BJP,NirmitDesai2,To Be Added
14066,14066,1.0,43705720,43705720,BJP,nimmasuresh,Karnataka
7070,7070,1.0,882438417262530560,882438417262530560,BJP,74rBsuPbsvUq4pw,Uttar Pradesh
15585,15585,1.0,906456757848772608,906456757848772608,BJP,king7maharaj,Madhya Pradesh
11115,11115,1.0,1157014968,1157014968,BJP,alok_sc,Gujarat
21960,21960,,1104426889500753921,1104426889500753920,BJP,BJP4Aurangabad,To Be Added
9770,9770,1.0,3271191277,3271191277,BJP,7fd4ca1103f149b,Delhi
3442,3442,1.0,1016361816253874176,1016361816253874176,BJP,DrHimanshugajjr,Maharashtra
6918,6918,1.0,4735396857,4735396857,BJP,MamtaSingh_BJP,Uttar Pradesh
20582,20582,,784639893851045888,784639893851045888,BJP,kanchan_khare,To Be Added
14293,14293,1.0,757866746711711744,757866746711711744,BJP,Maruteshyuva,Karnataka
27175,27175,,928635391942336513,928635391942336512,BJP,Rajendr66666231,To Be Added
19492,19492,,3704693173,3704693173,BJP,ujjawal_bjp,To Be Added
18757,18757,,2423051712,2423051712,BJP,Dr_ManojMishra,To Be Added
12210,12210,1.0,891132652409032704,891132652409032704,BJP,AtulPan27676420,Gujarat
6763,6763,1.0,2182008290,2182008290,BJP,DPGNoida,Uttar Pradesh
30305,30305,,702041504387194880,702041504387194880,BJP,AjitUVMourya,To Be Added
17433,17433,1.0,4360875077,4360875077,BJP,arunpat08567280,Maharashtra
30906,30906,,1124064192,1124064192,BJP,TheRSS_Piyussh,To Be Added
12733,12733,1.0,989693082089152512,989693082089152512,BJP,RahulRanaBJYM,Haryana
12525,12525,1.0,2243522425,2243522425,BJP,durgesh303rawal,Gujarat
25820,25820,,889112043093209090,889112043093209088,BJP,BjymPrakash,To Be Added
22506,22506,,2276022050,2276022050,BJP,BjpDahod,To Be Added
15354,15354,1.0,841240813015314433,841240813015314432,BJP,Lakhan_BJP,Madhya Pradesh
13520,13520,1.0,798202711376297985,798202711376297984,BJP,AmansharmaJK,Jammu and Kashmir
14154,14154,1.0,3448873393,3448873393,BJP,bjp_bsy,Karnataka
19766,19766,,365300377,365300377,BJP,pradeepsakthib,To Be Added
11952,11952,1.0,836294806775136258,836294806775136256,BJP,PMPatel78,Gujarat
12647,12647,1.0,2225151506,2225151506,BJP,RajBainsla,Haryana
12175,12175,1.0,1587601536,1587601536,BJP,jignesh510,Gujarat
32045,32045,,907444419057541120,907444419057541120,BJP,Santosh67889657,To Be Added
11706,11706,1.0,1026308818236399616,1026308818236399616,BJP,Badal_99799,Gujarat
25519,25519,,946717298118639616,946717298118639616,BJP,banyal_satish,To Be Added
23832,23832,,775305868984266755,775305868984266752,BJP,Jaydipkolipatel,To Be Added
21427,21427,,3243988891,3243988891,BJP,BrijeshDevi_IND,To Be Added
24134,24134,,1008619796835983360,1008619796835983360,BJP,Pavanagrawal133,To Be Added
18319,18319,,1042115081792905216,1042115081792905216,BJP,VivekKv46101163,To Be Added
13913,13913,1.0,797960599246438400,797960599246438400,BJP,deeptanu15,Jharkhand
23392,23392,,1105145062772465664,1105145062772465664,BJP,RKPandi51519572,To Be Added
22572,22572,,885846410872201216,885846410872201216,BJP,banku_das,To Be Added
10279,10279,1.0,786215982,786215982,BJP,absrajan,Andhra Pradesh
29770,29770,,339671040,339671040,BJP,deepak_laxmingr,To Be Added
9176,9176,1.0,4358246653,4358246653,BJP,PoddarVaishali,Delhi
26786,26786,,1364516359,1364516359,BJP,ponbalabjp,To Be Added
15548,15548,1.0,994231212137963522,994231212137963520,BJP,vipinBJPmp,Madhya Pradesh
12532,12532,1.0,906557082941374465,906557082941374464,BJP,krips_patel,Gujarat
3039,3039,1.0,1924147002,1924147002,BJP,bjpbusinesscell,Rajasthan
3455,3455,1.0,829169653511503872,829169653511503872,BJP,surajbhambhori,Rajasthan
21815,21815,,93578097,93578097,BJP,Sandeepraosahab,To Be Added
12147,12147,1.0,2150364486,2150364486,BJP,mrudulappandya,Gujarat
21395,21395,,99231322,99231322,BJP,RanaRicha_,To Be Added
21617,21617,,900393729760018432,900393729760018432,BJP,BJP4DUMKA,To Be Added
6598,6598,1.0,867319733829369856,867319733829369856,BJP,Rahulku6310,Uttar Pradesh
16112,16112,1.0,762080139681366016,762080139681366016,BJP,BjpSanjayGupta,Bihar
14207,14207,1.0,933223506396856321,933223506396856320,BJP,Bjym4hbd,Karnataka
3490,3490,1.0,368808520,368808520,BJP,RamSinghRti,Rajasthan
11468,11468,1.0,810908661891657728,810908661891657728,BJP,ManojMahali10,Assam
4907,4907,1.0,814659419820716033,814659419820716032,BJP,prasanth_bjp,Tamil Nadu
29821,29821,,895193144,895193144,BJP,HARSHIL_BJPIT,To Be Added
5706,5706,1.0,2568535530,2568535530,BJP,apjithender,Telangana
12691,12691,1.0,68500330,68500330,BJP,RealShanky,Haryana
4818,4818,1.0,2522014920,2522014920,BJP,Srbvelmurugan,Tamil Nadu
16904,16904,1.0,1735588028,1735588028,BJP,EshaanSG,Maharashtra
15543,15543,1.0,3682796006,3682796006,BJP,prashantbjymjbp,Madhya Pradesh
9395,9395,1.0,4209777253,4209777253,BJP,RamNiwasAbvp,Delhi
10770,10770,1.0,748169877089726464,748169877089726464,BJP,rajeshchudasma,Gujarat
8423,8423,1.0,766219975623315456,766219975623315456,BJP,tapasbjymwb,West Bengal
11006,11006,1.0,99983740,99983740,BJP,niravamin,Gujarat
28350,28350,,3223184576,3223184576,BJP,mla_rajutodsam,To Be Added
18005,18005,,988278389386592257,988278389386592256,BJP,virendrasinh_b,To Be Added
28141,28141,,3145592442,3145592442,BJP,RahulRandhe,To Be Added
3277,3277,1.0,226912539,226912539,BJP,SURVEERMODI,Rajasthan
13328,13328,1.0,795243115330334720,795243115330334720,BJP,KapoorThakur7,Himachal Pradesh
6691,6691,1.0,785861353391226880,785861353391226880,BJP,anooptiwarifkd,Uttar Pradesh
32885,32885,,1348569374,1348569374,BJP,AGRAWAL_DWS,To Be Added
6618,6618,1.0,763509359762694144,763509359762694144,BJP,SPMauryaBJP,Uttar Pradesh
32008,32008,,733633106398347264,733633106398347264,BJP,kanta_kn,To Be Added
4960,4960,1.0,940522233029468160,940522233029468160,BJP,Viveksinthaman1,Tamil Nadu
25044,25044,,157911182,157911182,BJP,maheshkumartMKT,To Be Added
9177,9177,1.0,811555464450146305,811555464450146304,BJP,MenonArvindBJP,Delhi
17502,17502,1.0,777448844309073921,777448844309073920,BJP,rahulS9zAchlHM9,Maharashtra
3234,3234,1.0,757466461355044864,757466461355044864,BJP,578deepesh,Rajasthan
3189,3189,1.0,884703619475398656,884703619475398656,BJP,dikshabjym,Rajasthan
13860,13860,1.0,3431422225,3431422225,BJP,RiteshBje21,Jharkhand
23494,23494,,906115844807294977,906115844807294976,BJP,maunish_pandya,To Be Added
25857,25857,,1051702487412088832,1051702487412088832,BJP,Bjp4Chalisgaon,To Be Added
27883,27883,,1158002144294793216,1158002144294793216,BJP,Srajliwalbjp,To Be Added
26512,26512,,729484926383489024,729484926383489024,BJP,berhampurkumar,To Be Added
6237,6237,1.0,739528694222495745,739528694222495744,BJP,TMCforTripura,Tripura
8401,8401,1.0,998954549330104322,998954549330104320,BJP,Chandan15601993,West Bengal
3489,3489,1.0,882699924122546176,882699924122546176,BJP,KANHAIYA_BJYM,Rajasthan
8431,8431,1.0,779333856352538624,779333856352538624,BJP,patriotic_saty,West Bengal
11712,11712,1.0,867311550650036224,867311550650036224,BJP,nikunjakumarda4,Assam
28348,28348,,4525338329,4525338329,BJP,imnitinmudgal,To Be Added
28293,28293,,993029594826424320,993029594826424320,BJP,AsthaSh35060951,To Be Added
28861,28861,,4794422522,4794422522,BJP,bhupinderbjpggm,To Be Added
2473,2473,1.0,2405721391,2405721391,BJP,kumarbangarappa,Punjab
21771,21771,,2928852420,2928852420,BJP,KailasshBodade,To Be Added
18604,18604,,1017110047178932224,1017110047178932224,BJP,PK42674722,To Be Added
11493,11493,1.0,1702171327,1702171327,BJP,mulrajsinh1,Gujarat
15722,15722,1.0,889348282094198784,889348282094198784,BJP,MAHILAMORCHAMP,Madhya Pradesh
25794,25794,,1048651858527604737,1048651858527604736,BJP,_ModiFan,To Be Added
5763,5763,1.0,395181663,395181663,BJP,krishna3334,Telangana
25372,25372,,2317687873,2317687873,BJP,kkarran_lugani,To Be Added
98,98,1.0,934267131780370438,934267131780370432,BJP,Sandeep88317165,Maharashtra
3546,3546,1.0,986881713128210432,986881713128210432,BJP,MLAVSNANDWANA,Rajasthan
1935,1935,1.0,512126807,512126807,BJP,prasantabjym,Odisha
24172,24172,,714719303531171840,714719303531171840,BJP,KalpeshVV,To Be Added
287,287,1.0,929194764611784704,929194764611784704,BJP,MadhavraoYogesh,Maharashtra
8505,8505,1.0,742705200314515456,742705200314515456,BJP,AviSinghania77,West Bengal
15580,15580,1.0,751967132276097058,751967132276097024,BJP,ramkushanmla,Madhya Pradesh
11274,11274,1.0,1017108256055910401,1017108256055910400,BJP,dhruv89256695,Gujarat
9172,9172,1.0,2378726604,2378726604,BJP,VijayaRahatkar,Delhi
2079,2079,1.0,2829169375,2829169375,BJP,bjprupesh,Odisha
11282,11282,1.0,75247405,75247405,BJP,sunil552,Gujarat
9261,9261,1.0,1166173940,1166173940,BJP,monikakalher,Delhi
9339,9339,1.0,258319519,258319519,BJP,RamaDeviBJP,Delhi
6664,6664,1.0,2772772398,2772772398,BJP,MAYANKAGARWALB,Uttar Pradesh
28933,28933,,896700039497629704,896700039497629696,BJP,VegadShankar,To Be Added
17428,17428,1.0,1348972398,1348972398,BJP,chinchan108,Maharashtra
16739,16739,1.0,725780019813842944,725780019813842944,BJP,sujit_thakurmlc,Maharashtra
7164,7164,1.0,2346889201,2346889201,BJP,radheyshyam74,To Be Added
3048,3048,1.0,888275165217406978,888275165217406976,BJP,VijayGo85865290,Rajasthan
29160,29160,,846679773543874560,846679773543874560,BJP,ds_hanumantappa,To Be Added
19573,19573,,321909265,321909265,BJP,bikashsrestha,To Be Added
13794,13794,1.0,988758583360696325,988758583360696320,BJP,LaxmanMP,Jharkhand
4841,4841,1.0,927460696509386753,927460696509386752,BJP,koyambedujranja,Tamil Nadu
230,230,1.0,769623567172562944,769623567172562944,BJP,dilipkhandare70,Maharashtra
31960,31960,,817989193972543490,817989193972543488,BJP,ballari_ramanji,To Be Added
21392,21392,,892268656868151296,892268656868151296,BJP,BjpRanchi,To Be Added
25897,25897,,2240211181,2240211181,BJP,makani_khushal,To Be Added
21256,21256,,752039447441530880,752039447441530880,BJP,DarshanNavadiy5,To Be Added
23245,23245,,894956323208478722,894956323208478720,BJP,CSDarbarBJP,To Be Added
17473,17473,1.0,74698409,74698409,BJP,kunalkhandelwal,Maharashtra
14972,14972,1.0,748025289658241024,748025289658241024,BJP,rs_monian,Kerala
23877,23877,,920547849716117506,920547849716117504,BJP,Rohit9577,To Be Added
15430,15430,1.0,727401906524545024,727401906524545024,BJP,sujithkumarbjym,Madhya Pradesh
28056,28056,,2907406638,2907406638,BJP,KnpManu,To Be Added
20476,20476,,14272129,14272129,BJP,lucky_s_chawla,To Be Added
28867,28867,,4259689094,4259689094,BJP,jairohanionline,To Be Added
9824,9824,1.0,2543832860,2543832860,BJP,akashsadhsadh,Delhi
9716,9716,1.0,339636238,339636238,BJP,kushalkarnwall,Delhi
10769,10769,1.0,161258660,161258660,BJP,bk_chudasama,Gujarat
28343,28343,,365423998,365423998,BJP,Senthil_TNBJP,To Be Added
27798,27798,,1004560637509267458,1004560637509267456,BJP,siga_tagin,To Be Added
5754,5754,1.0,835812873557454849,835812873557454848,BJP,Narendarredybjp,Telangana
15599,15599,1.0,1086896981597773825,1086896981597773824,BJP,janusoni9,Madhya Pradesh
19230,19230,,1200413787053903873,1200413787053903872,BJP,mipravindarekar,To Be Added
16785,16785,1.0,3547187052,3547187052,BJP,SudhakarKohale,Maharashtra
6972,6972,1.0,797396029150789632,797396029150789632,BJP,Saraswatibjp,Uttar Pradesh
18221,18221,,748181045028204544,748181045028204544,BJP,DrRamMehta,To Be Added
5581,5581,1.0,860040192140476416,860040192140476416,BJP,BJP4Gariaband,Chhattisgarh
29941,29941,,906786902547750913,906786902547750912,INC,RabindraKJha1,To Be Added
15838,15838,1.0,2697263329,2697263329,INC,pratibhaiyc1,Madhya Pradesh
4380,4380,1.0,784563380,784563380,INC,SimmiAhuja_,To Be Added
29521,29521,,920750340739301379,920750340739301376,INC,RajmohanUnithan,To Be Added
22138,22138,,933976656888324096,933976656888324096,INC,GMataul,To Be Added
16024,16024,1.0,943175694,943175694,INC,drdentist13,Madhya Pradesh
29400,29400,,1023204507667202049,1023204507667202048,INC,salimkaskar3,To Be Added
614,614,1.0,748865446858919936,748865446858919936,INC,VidyaNandMishr8,Bihar
5525,5525,1.0,1106447672,1106447672,INC,sridhardaya,Tamil Nadu
24222,24222,,1015384823769100288,1015384823769100288,INC,Bhagwant_V,To Be Added
7180,7180,1.0,716595425214468096,716595425214468096,INC,ArunVoraMLA,Chhattisgarh
21030,21030,,896345268618002433,896345268618002432,INC,santosh_gadanti,To Be Added
18593,18593,,139426050,139426050,INC,Furkanrshaikh,To Be Added
14688,14688,1.0,3297089916,3297089916,INC,shashidar_patil,Karnataka
261,261,1.0,750666713604161536,750666713604161536,INC,ZameerMakwana1,Maharashtra
16200,16200,1.0,2937134948,2937134948,INC,NSUIVidisha,Madhya Pradesh
18958,18958,,1107710901807771648,1107710901807771648,INC,DrCJChavda1,To Be Added
19136,19136,,900241559739785216,900241559739785216,INC,BhimannaNaik,To Be Added
30125,30125,,896301673559109632,896301673559109632,INC,GParadum,To Be Added
19961,19961,,913293271811596288,913293271811596288,INC,nsui_bengaluru,To Be Added
30728,30728,,974706522717536256,974706522717536256,INC,PrasadM73222422,To Be Added
2593,2593,1.0,1017340806632431617,1017340806632431616,INC,RajinderBeriINC,Punjab
16195,16195,1.0,772027219744915457,772027219744915456,INC,ThakurA01111666,Madhya Pradesh
3756,3756,1.0,796597633238306816,796597633238306816,INC,danishabrar2016,Rajasthan
32164,32164,,1009055091805081606,1009055091805081600,INC,Hanspalofficial,To Be Added
12569,12569,1.0,755416462639108096,755416462639108096,INC,saiyed_salik,Gujarat
11765,11765,1.0,833007768672010240,833007768672010240,INC,Rajendr06044426,Gujarat
16318,16318,1.0,991927670278574081,991927670278574080,INC,SanjuYa26690952,Madhya Pradesh
8844,8844,1.0,912922785013391361,912922785013391360,INC,DamanAndDiuPMC,Daman and Diu
5989,5989,1.0,4289231065,4289231065,INC,Rajender1213,Telangana
4242,4242,1.0,961905205041393664,961905205041393664,INC,KhemchandDhama1,Rajasthan
14767,14767,1.0,961908307811332096,961908307811332096,INC,abhihk_17,Karnataka
16297,16297,1.0,136668204,136668204,INC,rohit9893,Madhya Pradesh
18874,18874,,1861657190,1861657190,INC,ShahidModi007,To Be Added
7014,7014,1.0,2724108246,2724108246,INC,SanjeevShuklaCG,Chhattisgarh
16981,16981,1.0,910774366450753537,910774366450753536,INC,DawoodNadaf10,Maharashtra
31201,31201,,1216316966413262848,1216316966413262848,INC,Burkulsandip1,To Be Added
12577,12577,1.0,1031553749406310400,1031553749406310400,INC,Ashisht81735103,Gujarat
20745,20745,,1009123936208973825,1009123936208973824,INC,adv_rohith,To Be Added
17506,17506,1.0,3236824692,3236824692,INC,muzaffarkhaniyc,Maharashtra
31460,31460,,2879852072,2879852072,INC,CLRuala,To Be Added
7339,7339,1.0,929963031714336768,929963031714336768,INC,INC_Kolar,Uttar Pradesh
10511,10511,1.0,1110915193,1110915193,INC,LakhanInc,Delhi
3932,3932,1.0,931881598550671361,931881598550671360,INC,RahulRPYC,Rajasthan
17962,17962,,123812356,123812356,INC,kbskanu,To Be Added
28182,28182,,513956033,513956033,INC,ivishvender,To Be Added
10148,10148,1.0,2596241240,2596241240,INC,bhagatbidhuri,Delhi
7625,7625,1.0,776421520813887488,776421520813887488,INC,incgirish,Uttar Pradesh
16421,16421,1.0,997107063347003393,997107063347003392,INC,AdvNeeleshJain1,Madhya Pradesh
23606,23606,,1249359547816226816,1249359547816226816,INC,INCSGoa,To Be Added
25042,25042,,941378830639366144,941378830639366144,INC,ShamaPerveen9,To Be Added
16325,16325,1.0,3315698898,3315698898,INC,Kayyum_khan_,Madhya Pradesh
12391,12391,1.0,388724149,388724149,INC,sushmitadevinc,Assam
26774,26774,,710361750,710361750,INC,AdvHrishikeshD,To Be Added
27894,27894,,700699549904596992,700699549904596992,INC,RiyazQureshi20,To Be Added
15848,15848,1.0,2336897238,2336897238,INC,UmangSinghar,Madhya Pradesh
28267,28267,,1101011882729627649,1101011882729627648,INC,LazaroMount,To Be Added
18959,18959,,1048271604239622144,1048271604239622144,INC,LokeshLavit,To Be Added
27480,27480,,747701329385103361,747701329385103360,INC,Ajitmittayil17,To Be Added
28724,28724,,954001226223333376,954001226223333376,INC,DrVijay92969191,To Be Added
28810,28810,,4335844940,4335844940,INC,rishi_pratap_,To Be Added
14569,14569,1.0,2394965190,2394965190,INC,NayakaLokesh,Karnataka
17821,17821,1.0,940596419399901184,940596419399901184,INC,1234sangeeta1,Maharashtra
3912,3912,1.0,1159580990,1159580990,INC,ManishMib,Rajasthan
27809,27809,,1721451103,1721451103,INC,sam_ambore,To Be Added
32035,32035,,1282441759,1282441759,INC,dillip_ds,To Be Added
16881,16881,1.0,2811215053,2811215053,INC,Charanssapra,Maharashtra
5430,5430,1.0,319559864,319559864,INC,ramasamysp,Tamil Nadu
24055,24055,,1092801220769734656,1092801220769734656,INC,IncMahant,To Be Added
13126,13126,1.0,391277314,391277314,INC,KapilSharma94,Haryana
16071,16071,1.0,558509062,558509062,INC,RaviKotwal_,Madhya Pradesh
2731,2731,1.0,1008002762607480834,1008002762607480832,INC,swaranjeetkau19,Punjab
5396,5396,1.0,2274591788,2274591788,INC,arulpethiah1,Tamil Nadu
28698,28698,,743990063156047872,743990063156047872,INC,dadu_vishal_iyc,To Be Added
14760,14760,1.0,1030729621170413568,1030729621170413568,INC,parushu92350790,Karnataka
5531,5531,1.0,1005701597316255744,1005701597316255744,INC,Naresh_CongNSUI,Tamil Nadu
19308,19308,,941379354633760768,941379354633760768,INC,Ramprakash0099,To Be Added
1625,1625,1.0,1078974323627642880,1078974323627642880,INC,chand_manzar,Bihar
14637,14637,1.0,483247984,483247984,INC,Buyesandeep,Karnataka
14023,14023,1.0,957080716759597057,957080716759597056,INC,Nabajyo08638102,Assam
27205,27205,,3166367616,3166367616,INC,sumitsethiind,To Be Added
24597,24597,,1254447056,1254447056,INC,AkashZambareP,To Be Added
29936,29936,,1053712063477006336,1053712063477006336,INC,HannanA06691449,To Be Added
16332,16332,1.0,835585727027085313,835585727027085312,INC,mintuashraf,Madhya Pradesh
27055,27055,,1034608730296336384,1034608730296336384,INC,Amalana67860426,To Be Added
19390,19390,,944047581872603137,944047581872603136,INC,ZiaulHa27816985,To Be Added
32611,32611,,729496420118630400,729496420118630400,INC,SunilDBangera2,To Be Added
14685,14685,1.0,790571336741429248,790571336741429248,INC,AnsarIYC1,Karnataka
27454,27454,,3854577372,3854577372,INC,AAFAQUEGOHNA1,To Be Added
4355,4355,1.0,2765523829,2765523829,INC,ShilleySonam,Rajasthan
20812,20812,,1021990447806328832,1021990447806328832,INC,AKatpuri,To Be Added
27633,27633,,802174704039567360,802174704039567360,INC,khan_dudi,To Be Added
255,255,1.0,764528246625017856,764528246625017856,INC,pankajchaudhray,Maharashtra
4290,4290,1.0,957986039657766918,957986039657766912,INC,GiriInc,Rajasthan
23847,23847,,829257585194827776,829257585194827776,INC,DarshitChauhan3,To Be Added
17987,17987,,239323756,239323756,INC,Kshitij106,To Be Added
32122,32122,,1046450342773190656,1046450342773190656,INC,prerumal,To Be Added
12943,12943,1.0,2577777771,2577777771,INC,hariomr38861871,Haryana
9969,9969,1.0,936695288,936695288,INC,ManishTewari,Delhi
13984,13984,1.0,2895004687,2895004687,INC,shashiiyc,Jharkhand
25029,25029,,914170879952666624,914170879952666624,INC,RamizRajaNCP,To Be Added
21956,21956,,133129819,133129819,INC,ChitraBathamINC,To Be Added
10128,10128,1.0,784761040080863232,784761040080863232,INC,SujitKumar_Inc,Delhi
4035,4035,1.0,3106743259,3106743259,INC,adyanarsh,Rajasthan
17211,17211,1.0,1568172798,1568172798,INC,vaibhavdhanawad,Maharashtra
23584,23584,,779603009944821760,779603009944821760,INC,Rajendra_MULAK,To Be Added
30289,30289,,1094926013207855105,1094926013207855104,INC,Drpremsaisingh,To Be Added
13081,13081,1.0,862138241184657410,862138241184657408,INC,VijayDiney,To Be Added
20268,20268,,735673184326934528,735673184326934528,INC,Bilaliyccg,To Be Added
27682,27682,,264685592,264685592,INC,Mujeeb143,To Be Added
4064,4064,1.0,716137801360625664,716137801360625664,INC,mukulrsharma,Rajasthan
16264,16264,1.0,908946572439719936,908946572439719936,INC,JayDengru,Madhya Pradesh
31217,31217,,973946589902389248,973946589902389248,INC,jawaharmahatha1,To Be Added
31915,31915,,3241562144,3241562144,INC,javedkh79296811,To Be Added
21333,21333,,1464324642,1464324642,INC,naushadnagore,To Be Added
2641,2641,1.0,568348657,568348657,INC,jagdeepsandhu11,Punjab
26794,26794,,1118082441141342208,1118082441141342208,INC,sevadalkpr,To Be Added
3966,3966,1.0,1446040418,1446040418,INC,NiteshGahlot1,Rajasthan
27535,27535,,973061796050415616,973061796050415616,INC,WhoNeverGivesUp,To Be Added
16204,16204,1.0,856043319721246720,856043319721246720,INC,RajRaiNSUI,Madhya Pradesh
31886,31886,,166934033,166934033,INC,AbdulJaleelINC,To Be Added
28750,28750,,823156952,823156952,INC,aashishdeosoni,To Be Added
23200,23200,,1070670096966791168,1070670096966791168,INC,sevadalT_Taran,To Be Added
23537,23537,,4480279115,4480279115,INC,Mukesh_dadri,To Be Added
31431,31431,,935467668026429440,935467668026429440,INC,NazimHathin,To Be Added
2,2,1.0,1283244990274002949,1283244990274002944,INC,NSubramanian1,To Be Added
27576,27576,,992610720729718785,992610720729718784,INC,TajuddinGTambo1,To Be Added
3862,3862,1.0,817225672984641536,817225672984641536,INC,NSUI_BARMER,Rajasthan
30227,30227,,136300596,136300596,INC,ManishAnandINC,To Be Added
29597,29597,,1956176126,1956176126,INC,zubairfarooqui4,To Be Added
16127,16127,1.0,951404120740569088,951404120740569088,INC,Himmats67154552,Madhya Pradesh
18207,18207,,922008179885539329,922008179885539328,INC,sab_suban,To Be Added
28541,28541,,1094179079551471616,1094179079551471616,INC,sevadalBAK,To Be Added
17851,17851,,401293461,401293461,INC,AkhileshLY,To Be Added
7485,7485,1.0,131058896,131058896,INC,KARTIKEY100,Uttar Pradesh
20932,20932,,931067113359466499,931067113359466496,INC,AkhilGhardeABYF,To Be Added
26868,26868,,972423087500156928,972423087500156928,INC,MemingTheresa,To Be Added
28168,28168,,969929605053386752,969929605053386752,INC,VarshaJagtap6,To Be Added
11095,11095,1.0,3131834485,3131834485,INC,jaldipchaudhar9,Gujarat
6290,6290,1.0,1906919972,1906919972,INC,INC_Tripura,Tripura
30572,30572,,1082312215133179905,1082312215133179904,INC,KameshShivhare3,To Be Added
26237,26237,,2853953169,2853953169,INC,PRAVEEN_TNPYC,To Be Added
5575,5575,1.0,944113367110713344,944113367110713344,INC,Sriniva54354030,Tamil Nadu
22362,22362,,1453824541,1453824541,INC,MayankpareekINC,To Be Added
14392,14392,1.0,891250296512323585,891250296512323584,INC,siddaramaiah,Karnataka
21230,21230,,985003510239563777,985003510239563776,INC,KalpanaSamaja,To Be Added
32242,32242,,4575136692,4575136692,INC,sandeepdubey_3,To Be Added
32425,32425,,1011619530232160256,1011619530232160256,INC,ChambaMahila,To Be Added
14785,14785,1.0,990881834123825153,990881834123825152,INC,DkCongressPc,Karnataka
18815,18815,,1027097651467247617,1027097651467247616,INC,VirenNsui,To Be Added
242,242,1.0,829672957156978688,829672957156978688,INC,RafikPathanINC,Maharashtra
8793,8793,1.0,268882654,268882654,INC,shashanksao,Chhattisgarh
13611,13611,1.0,914055323345813505,914055323345813504,INC,officialjknsui,Jammu and Kashmir
27770,27770,,2576311532,2576311532,INC,AnishOfficial_,To Be Added
14707,14707,1.0,1924355498,1924355498,INC,INCJRLobo,Karnataka
5372,5372,1.0,912670420016316416,912670420016316416,INC,TamilNaduPMC,Tamil Nadu
14664,14664,1.0,875977600560013312,875977600560013312,INC,Chethan98118417,Karnataka
15919,15919,1.0,3316097894,3316097894,INC,VandanaMimrot,Madhya Pradesh
18850,18850,,940560308459905025,940560308459905024,INC,GaneshJagtap72,To Be Added
32638,32638,,737655054228938757,737655054228938752,INC,SahniBihar,To Be Added
15083,15083,1.0,1382650302,1382650302,INC,GeethaKrishnanD,Kerala
12314,12314,1.0,2284955071,2284955071,INC,ParthRaja14799,Gujarat
28101,28101,,2852221322,2852221322,INC,GhouseIyc,To Be Added
15866,15866,1.0,2850485407,2850485407,INC,ShyamJokchand,Madhya Pradesh
28463,28463,,1044840142618460160,1044840142618460160,INC,Manjur_congress,To Be Added
4382,4382,1.0,896345513485901825,896345513485901824,INC,MorjaalHariom,Rajasthan
22157,22157,,1096345695672459264,1096345695672459264,INC,alokdubeyINC,To Be Added
24599,24599,,798776270184071168,798776270184071168,INC,RajaBoopathi24,To Be Added
13039,13039,1.0,1240647333852794881,1240647333852794880,INC,INCKurukshetra,Haryana
15941,15941,1.0,709423329921277954,709423329921277952,INC,Pallavirajsaxe2,Madhya Pradesh
2600,2600,1.0,924171312540499968,924171312540499968,INC,Sumankaushik27,Punjab
26316,26316,,925867807,925867807,INC,Shubham_RI,To Be Added
14645,14645,1.0,1574711960,1574711960,INC,Jayandershahi,Karnataka
20188,20188,,731376530757029888,731376530757029888,INC,parmindercwc,To Be Added
4251,4251,1.0,4297009759,4297009759,INC,AltafMansuri20,Rajasthan
18879,18879,,2990084045,2990084045,INC,INC_pratik_bavi,To Be Added
15927,15927,1.0,981067017850466304,981067017850466304,INC,santoshsinghg1,Madhya Pradesh
2014,2014,1.0,493865805,493865805,INC,BrajeshPandey3,Bihar
4360,4360,1.0,1058597942532231168,1058597942532231168,INC,JiyaulK16177029,To Be Added
6281,6281,1.0,2423871548,2423871548,INC,BiswajitINC,Tripura
24297,24297,,1023060546453524480,1023060546453524480,INC,MotiLal72287887,To Be Added
6319,6319,1.0,981486252791799808,981486252791799808,INC,INCHistory,To Be Added
4154,4154,1.0,909837539380428800,909837539380428800,INC,Kokilasingh_INC,Rajasthan
22922,22922,,794606934187999232,794606934187999232,INC,saidulislam449,To Be Added
13433,13433,1.0,2847539341,2847539341,INC,AshuHemantINC,Himachal Pradesh
307,307,1.0,825387965195116544,825387965195116544,INC,KishorNagpurka2,Maharashtra
201,201,1.0,1938882331,1938882331,INC,mhaske_atul,Maharashtra
24352,24352,,1036984732846714880,1036984732846714880,INC,SunnySinghNSUI,To Be Added
12842,12842,1.0,792616366490648576,792616366490648576,INC,INCShauryaveer,Haryana
23575,23575,,2211069296,2211069296,INC,imamdaulat,To Be Added
30510,30510,,789454869790949376,789454869790949376,INC,rakibulhussasm1,To Be Added
25536,25536,,987995489311354881,987995489311354880,INC,EbrahimBhaijaan,To Be Added
14712,14712,1.0,947173869181288448,947173869181288448,INC,Subhank82353753,Assam
2419,2419,1.0,3094881355,3094881355,INC,Sourabhmandloi7,Madhya Pradesh
19914,19914,,1039384076820467714,1039384076820467712,INC,2J1lB5zHJaARcPZ,To Be Added
7036,7036,1.0,2929295382,2929295382,INC,Rajendra_inc,Chhattisgarh
16688,16688,1.0,45859981,45859981,INC,DrAmolDeshmukh,Maharashtra
15050,15050,1.0,955358264266338304,955358264266338304,INC,AIPCPKD,Kerala
19241,19241,,1094276851076222976,1094276851076222976,INC,sevadaldimapur,To Be Added
15195,15195,1.0,2199043978,2199043978,INC,deepak_shergarh,Madhya Pradesh
14786,14786,1.0,2780124726,2780124726,INC,Apsarabegum5,Karnataka
16944,16944,1.0,3243496111,3243496111,INC,AlokPawar7,Maharashtra
15887,15887,1.0,899344330908815360,899344330908815360,INC,aquib_bagwan17,Madhya Pradesh
23786,23786,,707960420955504640,707960420955504640,INC,RathvaJaykishan,To Be Added
19539,19539,,762188734158802944,762188734158802944,INC,mahatimyadav1,To Be Added
13048,13048,1.0,867382099719749632,867382099719749632,INC,VishalV71979868,Haryana
14747,14747,1.0,2293607640,2293607640,INC,NaiduGopinaidur,Karnataka
30277,30277,,961483660691087360,961483660691087360,INC,AdhilINC,To Be Added
20303,20303,,4891851795,4891851795,INC,chitrachavan1,To Be Added
3739,3739,1.0,2410755840,2410755840,INC,SachinPilot,Rajasthan
10742,10742,1.0,769522958486437888,769522958486437888,INC,AmitChavdaINC,Gujarat
30797,30797,,3013310504,3013310504,INC,ashokchavan1603,To Be Added
27602,27602,,769748274173644802,769748274173644800,INC,BhagatSinghDah0,To Be Added
10065,10065,1.0,3153447368,3153447368,INC,dnetta,To Be Added
31911,31911,,2393163043,2393163043,INC,aloksaxena98,To Be Added
10419,10419,1.0,843136854899671041,843136854899671040,INC,meenasharmaS14,Delhi
56,56,1.0,919872327151579137,919872327151579136,INC,UdayjyotiM,Maharashtra
5485,5485,1.0,3310628803,3310628803,INC,JJaiganes,Tamil Nadu
4373,4373,1.0,2162409162,2162409162,INC,shahbuddin34,Rajasthan
20319,20319,,3162229351,3162229351,INC,IYCRSKaller,To Be Added
6880,6880,1.0,2912029974,2912029974,INC,INCChhattisgarh,Chhattisgarh
30439,30439,,1048804770280919040,1048804770280919040,INC,Nallusa14562487,To Be Added
24226,24226,,981879690494291968,981879690494291968,INC,RahulPustode,To Be Added
20890,20890,,2200927220,2200927220,INC,maheshR06449114,To Be Added
22270,22270,,180721089,180721089,INC,subratborah,To Be Added
25311,25311,,782164881608933377,782164881608933376,INC,Devendr95699159,To Be Added
7482,7482,1.0,704593565704302592,704593565704302592,INC,vishal_j_khatri,Uttar Pradesh
26555,26555,,1098820314371248128,1098820314371248128,INC,SevadalBDA,To Be Added
23686,23686,,888205393813413888,888205393813413888,INC,TeamgovindPatel,To Be Added
26287,26287,,4672671198,4672671198,INC,Shalini_iyc,To Be Added
10455,10455,1.0,822762677277696000,822762677277696000,INC,anuj122sharma,Delhi
26186,26186,,3245859378,3245859378,INC,SayedKhurshid,To Be Added
11155,11155,1.0,3268748988,3268748988,INC,revolution_raj7,Gujarat
31044,31044,,993791384229367809,993791384229367808,INC,Jitendr80312352,To Be Added
26271,26271,,160408990,160408990,INC,drsinghrr,To Be Added
2278,2278,1.0,2935171688,2935171688,INC,Narendr10350617,Odisha
12821,12821,1.0,58409290,58409290,INC,NSUI__Haryana,Haryana
31282,31282,,2385431966,2385431966,INC,0d6744d1829a469,To Be Added
23579,23579,,933000533782044672,933000533782044672,INC,INCCoimbatoreMD,To Be Added
4140,4140,1.0,1919703848,1919703848,INC,sampath_nsuiknr,Telangana
22889,22889,,930623274236727296,930623274236727296,INC,sudhiryadavsy,To Be Added
4450,4450,1.0,1906837518,1906837518,INC,INC_Sikkim,Sikkim
31335,31335,,891213792004030464,891213792004030464,INC,SankarTgmp,To Be Added
13323,13323,1.0,731472866026213376,731472866026213376,INC,mohsinrazaul2,Assam
30045,30045,,2711140236,2711140236,INC,Viswanathan_INC,To Be Added
22152,22152,,746048967822221312,746048967822221312,INC,Arshadmpyc,To Be Added
26572,26572,,2568423180,2568423180,INC,nsvinayhsn,To Be Added
3977,3977,1.0,919850104177115138,919850104177115136,INC,PadamaRamInC,Rajasthan
10518,10518,1.0,1627563548,1627563548,INC,vikaschhikara51,Delhi
5471,5471,1.0,4619152819,4619152819,INC,CuddaloreCong,Tamil Nadu
2556,2556,1.0,922307063962677249,922307063962677248,INC,mamta_duttainc,Punjab
12362,12362,1.0,874171210875248640,874171210875248640,INC,VishalS87706100,Gujarat
21249,21249,,4385945353,4385945353,INC,VikasThakreINC,To Be Added
28747,28747,,1273252747022700544,1273252747022700544,INC,SamMohanRaj2,To Be Added
6309,6309,1.0,874967808848691200,874967808848691200,INC,INCIndiaLive,To Be Added
26017,26017,,94959248,94959248,INC,INCMirMuzaffar,To Be Added
3897,3897,1.0,856070660996648960,856070660996648960,INC,SaddamHusainINC,Rajasthan
8802,8802,1.0,1896242504,1896242504,INC,azharRyc,Chhattisgarh
24976,24976,,1038694863162695680,1038694863162695680,INC,Ravisha39431490,To Be Added
18394,18394,,803900353561247744,803900353561247744,INC,rohitsingla0944,To Be Added
10980,10980,1.0,151416991,151416991,INC,Hiren_Banker,Gujarat
25375,25375,,1320701688,1320701688,INC,Stiwinputhoor,To Be Added
13416,13416,1.0,938741057277140992,938741057277140992,INC,Drcoldrshandil,Himachal Pradesh
28483,28483,,198411091,198411091,INC,sgjoshi303,To Be Added
28576,28576,,1059156015994744832,1059156015994744832,INC,KoshtaTeekaram,To Be Added
5552,5552,1.0,935186224200876034,935186224200876032,INC,Meghul98,Tamil Nadu
15013,15013,1.0,148275530,148275530,INC,Oommen_Chandy,Kerala
3802,3802,1.0,1667458230,1667458230,INC,RamlaljatINC,Rajasthan
20086,20086,,1075301428661551111,1075301428661551104,INC,SevadalDBG,To Be Added
25543,25543,,872510653377937410,872510653377937408,INC,RPJ_Jha,To Be Added
30237,30237,,1091588593150115840,1091588593150115840,INC,SevadalDRG,To Be Added
4361,4361,1.0,866485448205451264,866485448205451264,INC,SonuRam05630000,Rajasthan
5983,5983,1.0,896332025266937856,896332025266937856,INC,Vipulgoudtalla,Telangana
19279,19279,,2759159732,2759159732,INC,_DP_Dhakad,To Be Added
5913,5913,1.0,2204378689,2204378689,INC,damodharmusham,Telangana
5521,5521,1.0,2177936874,2177936874,INC,trbws,Tamil Nadu
18633,18633,,1663094802,1663094802,INC,anujdevi,To Be Added
31275,31275,,965856968316350464,965856968316350464,INC,Mpiyc_Bhopal,To Be Added
26534,26534,,926733191108378624,926733191108378624,INC,JaveedA51959947,To Be Added
25764,25764,,3286732393,3286732393,INC,RKalsaik,To Be Added
15063,15063,1.0,44797593,44797593,INC,krishnakochi,Kerala
12892,12892,1.0,754854865801805824,754854865801805824,INC,vijender_chahal,Haryana
8690,8690,1.0,738717429161988096,738717429161988096,INC,SanjoyGhoshCob,West Bengal
27172,27172,,955388056399302656,955388056399302656,INC,OffDSB,To Be Added
8856,8856,1.0,754762637045538816,754762637045538816,INC,patelparth0010,Daman and Diu
27728,27728,,1004656939769270272,1004656939769270272,INC,HonraoPratik1,To Be Added
20730,20730,,1040236148939997184,1040236148939997184,INC,IshaqSh36427775,To Be Added
7343,7343,1.0,1101021405401866241,1101021405401866240,INC,punia_tanuj,Uttar Pradesh
15161,15161,1.0,4881942670,4881942670,INC,Nishad186siraj,Kerala
12024,12024,1.0,1095266400187252736,1095266400187252736,INC,MaruImran_INC,Gujarat
12587,12587,1.0,947000487093485569,947000487093485568,INC,MaheriyaRajan2,Gujarat
12875,12875,1.0,4462151293,4462151293,INC,Abhilashsaini02,Haryana
22683,22683,,927526677046951936,927526677046951936,INC,INCAfzalpur,To Be Added
3909,3909,1.0,3313288710,3313288710,INC,kuldeepkhw,Rajasthan
30605,30605,,867019055902760960,867019055902760960,INC,rudrensinhgzala,To Be Added
33062,33062,,1006534538170982402,1006534538170982400,INC,Rakeshuppal10,To Be Added
10133,10133,1.0,1866217687,1866217687,INC,EashwarINC,Delhi
21747,21747,,2867856194,2867856194,INC,SanjaniReddy,To Be Added
23218,23218,,1041643448363696128,1041643448363696128,INC,SadamSahibINC,To Be Added
29527,29527,,938414073221324801,938414073221324800,INC,Amirthraj_S,To Be Added
8610,8610,1.0,3244378314,3244378314,INC,IYCWestBengal,West Bengal
30646,30646,,135481704,135481704,INC,adityatnr,To Be Added
16966,16966,1.0,907923907008753669,907923907008753664,INC,ShelkeJayshree,Maharashtra
3983,3983,1.0,476619421,476619421,INC,Riyazshaikhiyc,Gujarat
6355,6355,1.0,228280120,228280120,INC,plpunia,Uttar Pradesh
16830,16830,1.0,1048951732544389120,1048951732544389120,INC,SurajThakurINC,Maharashtra
27373,27373,,1627963123,1627963123,INC,ShuklaPiyush001,To Be Added
7559,7559,1.0,966353669989060608,966353669989060608,INC,PradumanJain11,Uttar Pradesh
7320,7320,1.0,3271096160,3271096160,INC,anilkushwaha582,Uttar Pradesh
10244,10244,1.0,392862373,392862373,INC,haiderabbasiyc,Delhi
14606,14606,1.0,929308410603913216,929308410603913216,INC,IMahadevpura,Karnataka
17944,17944,,980471461369573376,980471461369573376,INC,l_kawre,To Be Added
31652,31652,,4482037635,4482037635,INC,AapKaJayendra,To Be Added
5394,5394,1.0,3283563312,3283563312,INC,congress_sc,Tamil Nadu
28599,28599,,877487783266271232,877487783266271232,INC,Mlasampath,To Be Added
7498,7498,1.0,4728982182,4728982182,INC,humayun0392,Uttar Pradesh
10515,10515,1.0,823855267,823855267,INC,Rizwanperwez,Delhi
7493,7493,1.0,753135279289036800,753135279289036800,INC,varunkapoor29,Uttar Pradesh
1858,1858,1.0,4697607679,4697607679,INC,nabenujha1,Bihar
16060,16060,1.0,781848591375671296,781848591375671296,INC,INCJitendra,Madhya Pradesh
16170,16170,1.0,935182329235959808,935182329235959808,INC,PunitTiwariINC,Madhya Pradesh
25550,25550,,1574704513,1574704513,INC,Mahipalsinh_INC,To Be Added
4155,4155,1.0,973439824135782401,973439824135782400,INC,Maksudbhati_,Rajasthan
25102,25102,,2721097346,2721097346,INC,RajeshSheokandh,To Be Added
17598,17598,1.0,4825679257,4825679257,INC,shaileshtshinde,Maharashtra
8336,8336,1.0,850600949856878592,850600949856878592,INC,BhadraAmit1,Chhattisgarh
22333,22333,,898820135112196096,898820135112196096,INC,gszala4,To Be Added
25664,25664,,1043389645218824192,1043389645218824192,INC,AhrariShahlaINC,To Be Added
29188,29188,,882621828589654021,882621828589654016,INC,Gajanan12091985,To Be Added
17725,17725,1.0,797522418159992833,797522418159992832,INC,rukh_sayed,Maharashtra
16916,16916,1.0,1954059600,1954059600,INC,DrVimalMapariIN,Maharashtra
12924,12924,1.0,2394741418,2394741418,INC,imrankhanrahim,Haryana
18375,18375,,850720825451831297,850720825451831296,INC,SisodiaNeeta,To Be Added
10300,10300,1.0,713326838597033984,713326838597033984,INC,AssemblySadar,Delhi
20544,20544,,775296464360607745,775296464360607744,INC,inc_north,To Be Added
16340,16340,1.0,735502922033700864,735502922033700864,INC,MaheshSoni99,Madhya Pradesh
29954,29954,,1002763736774393856,1002763736774393856,INC,neerajbadagaon,To Be Added
23477,23477,,870107189465280512,870107189465280512,INC,chiragkumar1015,To Be Added
21832,21832,,3266724534,3266724534,INC,jitenkhuman1,To Be Added
11489,11489,1.0,863451302185054208,863451302185054208,INC,BhaVaju,Gujarat
15071,15071,1.0,895549979443384321,895549979443384320,INC,mamkootathil,Kerala
10074,10074,1.0,1612209486,1612209486,INC,iycpradeep,To Be Added
3868,3868,1.0,929202666600726529,929202666600726528,INC,LeenaSh30770541,Rajasthan
23528,23528,,2174759243,2174759243,INC,DilipraoD,To Be Added
14573,14573,1.0,929300112857108480,929300112857108480,INC,INCbantwal,Karnataka
21466,21466,,929730224194912261,929730224194912256,INC,RaviJad69754409,To Be Added
21899,21899,,3214143306,3214143306,INC,RRupeshbehera,To Be Added
13114,13114,1.0,1027818425282904065,1027818425282904064,INC,SatishSindhu9,Haryana
30707,30707,,722811298879115266,722811298879115264,INC,mlajakhar,To Be Added
21778,21778,,134389221,134389221,INC,anshulchodha,To Be Added
12544,12544,1.0,2216083580,2216083580,INC,surendr67795123,Gujarat
24761,24761,,1493917652,1493917652,INC,VikrantMayorLtr,To Be Added
24988,24988,,1004369306522509312,1004369306522509312,INC,samieullah87,To Be Added
16038,16038,1.0,1401697076,1401697076,INC,karanschouhan1,Madhya Pradesh
13403,13403,1.0,1004572606622646273,1004572606622646272,INC,Rajinderrana999,Himachal Pradesh
25187,25187,,946776173555597312,946776173555597312,INC,dolly_didi,To Be Added
26264,26264,,891018356471582722,891018356471582720,INC,IshaqKoreja,To Be Added
13374,13374,1.0,2395863379,2395863379,INC,Adv_VivekDhiman,Himachal Pradesh
25182,25182,,181113181,181113181,INC,nareshkumarsen,To Be Added
26666,26666,,1152852988173545472,1152852988173545472,INC,AapkaBannaGupta,To Be Added
16346,16346,1.0,869483407369273345,869483407369273344,INC,Dheeru11111,To Be Added
10176,10176,1.0,363547571,363547571,INC,shieladixitCM,Delhi
28265,28265,,1104005837201137665,1104005837201137664,INC,Brijesh93565743,To Be Added
20732,20732,,2389518966,2389518966,INC,khanmujahid07,To Be Added
24975,24975,,1320600308,1320600308,INC,sherryontopp,To Be Added
11989,11989,1.0,1596389887,1596389887,INC,ajay_samand,Gujarat
27721,27721,,1040829909441032192,1040829909441032192,INC,Lakhpat_INC,To Be Added
25562,25562,,1140852366180343808,1140852366180343808,INC,Karunes60974736,To Be Added
12330,12330,1.0,887171800286633984,887171800286633984,INC,JackinChristian,Gujarat
5577,5577,1.0,1016965406920204288,1016965406920204288,INC,Haja43943008,Tamil Nadu
26956,26956,,1093104653720539138,1093104653720539136,INC,tinku400,To Be Added
26764,26764,,3276427568,3276427568,INC,jeetendarsingh4,To Be Added
20402,20402,,1104955729130119169,1104955729130119168,INC,Prkannan5,To Be Added
15113,15113,1.0,3290972321,3290972321,INC,varickannamala,Kerala
3882,3882,1.0,823598314306371587,823598314306371584,INC,BanshiDharSain5,Rajasthan
26718,26718,,4835145411,4835145411,INC,naveen_iyc,To Be Added
26393,26393,,397306402,397306402,INC,advocate_murthi,To Be Added
24461,24461,,4825749492,4825749492,INC,marikumarmuruga,To Be Added
26157,26157,,2695532220,2695532220,INC,raufrandhnpara,To Be Added
32871,32871,,2936938206,2936938206,INC,kpanilinc,To Be Added
30658,30658,,1102231994811838464,1102231994811838464,INC,sooraabala1503,To Be Added
5353,5353,1.0,588209274,588209274,INC,jothims,Tamil Nadu
14808,14808,1.0,961239984656338945,961239984656338944,INC,nagatarathna,Karnataka
21843,21843,,705622791664447488,705622791664447488,INC,vipulsing1,To Be Added
2761,2761,1.0,950572192852512768,950572192852512768,INC,mnprt_chadha9,Punjab
7091,7091,1.0,1044582235,1044582235,INC,chandanjnu,Chhattisgarh
15829,15829,1.0,2616817675,2616817675,INC,JVSinghINC,Madhya Pradesh
23895,23895,,4527945193,4527945193,INC,nikhilw2611,To Be Added
15849,15849,1.0,3151673868,3151673868,INC,aakashjageerdar,Madhya Pradesh
16102,16102,1.0,3288576848,3288576848,INC,netikchoudhary,Madhya Pradesh
2688,2688,1.0,2428240140,2428240140,INC,PuhalRahul,Punjab
28749,28749,,1093376672647176192,1093376672647176192,INC,SevadalAGR,To Be Added
10172,10172,1.0,144503567,144503567,INC,Asehrawat,Delhi
27221,27221,,465345056,465345056,INC,poojathakare,To Be Added
30214,30214,,2699686472,2699686472,INC,swapnilsawant01,To Be Added
16189,16189,1.0,1000324958419992576,1000324958419992576,INC,KudiyaRajveer,Madhya Pradesh
26656,26656,,970570735931592704,970570735931592704,INC,Bharatgohil1174,To Be Added
16025,16025,1.0,132061508,132061508,INC,rajabaghel,Madhya Pradesh
13447,13447,1.0,376694305,376694305,INC,ADITYAGAUTAMM,Himachal Pradesh
31712,31712,,1148036965327101952,1148036965327101952,INC,Deepaky96781000,To Be Added
14699,14699,1.0,914283267741773824,914283267741773824,INC,rahiman_auf,Karnataka
15834,15834,1.0,1314702470,1314702470,INC,TJRSudhakarBabu,Andhra Pradesh
13017,13017,1.0,700657473959514113,700657473959514112,INC,ChapranaArjun,Haryana
11852,11852,1.0,907982608625147905,907982608625147904,INC,SanjoyTakam,Gujarat
16451,16451,1.0,994117075181424640,994117075181424640,INC,Prashan23252428,Madhya Pradesh
29913,29913,,221791969,221791969,INC,cdmeyyappan,To Be Added
13256,13256,1.0,1200559908,1200559908,INC,commonraj,Assam
14533,14533,1.0,3093428894,3093428894,INC,KpurShetty,Karnataka
17716,17716,1.0,2708538074,2708538074,INC,RoshanMeshram88,Maharashtra
16399,16399,1.0,857615096255832064,857615096255832064,INC,Nihalpa34279074,Madhya Pradesh
15832,15832,1.0,477763395,477763395,INC,mazhar_jafri,Madhya Pradesh
8173,8173,1.0,943442348276555776,943442348276555776,INC,bhuwanbaadshah,Uttarakhand
25370,25370,,839748901943013376,839748901943013376,INC,KESHAV8075RISHI,To Be Added
20394,20394,,1623177541,1623177541,INC,kirandongaonkar,To Be Added
13959,13959,1.0,413769778,413769778,INC,hrishikeshnsui,Jharkhand
25795,25795,,825353537769005057,825353537769005056,INC,iyc_kollam,To Be Added
4237,4237,1.0,927828086380552192,927828086380552192,INC,GopichandPannu,Rajasthan
2867,2867,1.0,3383971998,3383971998,INC,Surende29839916,Punjab
24508,24508,,1182021658481025024,1182021658481025024,INC,HLVishwakarma,To Be Added
6279,6279,1.0,450625440,450625440,INC,PrasenjitDas_,Tripura
8780,8780,1.0,908907209072848897,908907209072848896,INC,SagarKu22,Chhattisgarh
8767,8767,1.0,1018082116192518144,1018082116192518144,INC,Devpandro1,Chhattisgarh
29336,29336,,281983798,281983798,INC,abdullodra,To Be Added
20689,20689,,545804604,545804604,INC,NageshGirheNSUI,To Be Added
16373,16373,1.0,926451176760999937,926451176760999936,INC,DilipPinda,Madhya Pradesh
23949,23949,,1138361594121838593,1138361594121838592,INC,Rpcc_Minority,To Be Added
8719,8719,1.0,919825497097363456,919825497097363456,INC,JakeshRajwade,Chhattisgarh
29166,29166,,786863934896689156,786863934896689152,INC,INTUCPrez,To Be Added
4138,4138,1.0,928279642577838080,928279642577838080,INC,Gulammustafa024,Rajasthan
13343,13343,1.0,869520978480582658,869520978480582656,INC,AshaKumariINC,Himachal Pradesh
19268,19268,,802868148269527046,802868148269527040,INC,DeveshTiwariINC,To Be Added
2760,2760,1.0,890751780069548032,890751780069548032,INC,RBhagupur,Punjab
13625,13625,1.0,1079415179685720064,1079415179685720064,INC,IncGulmarg,Jammu and Kashmir
29514,29514,,2441408221,2441408221,INC,SMThousifINC,To Be Added
13410,13410,1.0,814021145372532736,814021145372532736,INC,Ashwani39437124,Himachal Pradesh
14778,14778,1.0,1104103328,1104103328,INC,oorugolu,Karnataka
16650,16650,1.0,704980039121641473,704980039121641472,INC,MaharashtraPMC,Maharashtra
13097,13097,1.0,905677968944623616,905677968944623616,INC,ChTonka,Haryana
19084,19084,,954947591304724480,954947591304724480,INC,AB_IYC,To Be Added
18303,18303,,988076380909957120,988076380909957120,INC,AipcKochi,To Be Added
16837,16837,1.0,137967186,137967186,INC,atullondhe,Maharashtra
14145,14145,1.0,2900251885,2900251885,INC,pranabchetia28,Assam
15950,15950,1.0,4854519999,4854519999,INC,kuvarsingh29mp,To Be Added
24829,24829,,727549448872587265,727549448872587264,INC,SJ9765555512,To Be Added
24423,24423,,3057146479,3057146479,INC,Raman_2211,To Be Added
1492,1492,1.0,776849300949131264,776849300949131264,INC,BuxarCongress,Bihar
18594,18594,,1072088367955795968,1072088367955795968,INC,thegreatneethi1,To Be Added
5972,5972,1.0,3191712500,3191712500,INC,SPKranthiKumar,Telangana
15871,15871,1.0,1681433089,1681433089,INC,abhinavmaddy,Madhya Pradesh
17241,17241,1.0,821724792386633729,821724792386633728,INC,SatsangM,Maharashtra
8627,8627,1.0,826140441473056768,826140441473056768,INC,AnsaruAsif,West Bengal
28092,28092,,709291704814149632,709291704814149632,INC,WithCongHaryana,To Be Added
5549,5549,1.0,940643739982118912,940643739982118912,INC,TSenjie,Tamil Nadu
925,925,1.0,990874814,990874814,INC,syed_tanwir,Bihar
2218,2218,1.0,918156405563039744,918156405563039744,INC,nagariya_anil,Odisha
13003,13003,1.0,908013611771076608,908013611771076608,INC,INCPanchkula,Haryana
18632,18632,,4901575496,4901575496,INC,DwarikaMohapat1,To Be Added
3850,3850,1.0,1371725712,1371725712,INC,Ramniwaskukna,Rajasthan
24822,24822,,952433709373968385,952433709373968384,INC,TeamDattuG,To Be Added
21261,21261,,988703093415034880,988703093415034880,INC,INCBhopal,To Be Added
5878,5878,1.0,3273273025,3273273025,INC,INCRahamathulla,Telangana
27637,27637,,704578511990824960,704578511990824960,INC,sumit_new,To Be Added
21391,21391,,1099914333604130817,1099914333604130816,INC,KolhapurNcp,To Be Added
31041,31041,,2801017914,2801017914,INC,DrAnjaliTai,To Be Added
10185,10185,1.0,744226548488744960,744226548488744960,INC,MoondRajendra,Delhi
24086,24086,,971684520733782017,971684520733782016,INC,khemusahoo,To Be Added
19511,19511,,2954843570,2954843570,INC,harshyadavdeori,To Be Added
20898,20898,,4695331962,4695331962,INC,anshu_joshi12,To Be Added
20555,20555,,1093042792828329984,1093042792828329984,INC,WMagundi,To Be Added
28523,28523,,1095992513150705665,1095992513150705664,INC,deeprajdwivedi4,To Be Added
7594,7594,1.0,4682175883,4682175883,INC,rehan7602,Uttar Pradesh
20330,20330,,3195358350,3195358350,INC,PawanBaghelINC,To Be Added
25647,25647,,818061819344457728,818061819344457728,INC,Tarmalespeaks,To Be Added
1203,1203,1.0,763033486659768320,763033486659768320,INC,SarjanSinghINC,Bihar
8140,8140,1.0,764792558337875969,764792558337875968,INC,dhamiiharish,Uttarakhand
28570,28570,,956212692875804677,956212692875804672,INC,sofiqul91204444,To Be Added
4011,4011,1.0,3301613130,3301613130,INC,Rajendra7gurjar,Rajasthan
13414,13414,1.0,1069469403870187520,1069469403870187520,INC,IKinnaur,To Be Added
22434,22434,,2805574764,2805574764,INC,GauravINCMP,To Be Added
31992,31992,,4622550979,4622550979,INC,DevarajINC,To Be Added
2253,2253,1.0,820858664798089216,820858664798089216,INC,Sushana571,Odisha
12567,12567,1.0,2162173843,2162173843,INC,YouthAnand,Gujarat
30635,30635,,3189529238,3189529238,INC,kpramlavat,To Be Added
17238,17238,1.0,3030290563,3030290563,INC,39cbfa1bf23b4a5,Maharashtra
18589,18589,,3182642263,3182642263,INC,SandeepsRissam,To Be Added
2040,2040,1.0,2913666294,2913666294,INC,ritugarabadu,Odisha
4260,4260,1.0,2280020137,2280020137,INC,deewan_yadav,Rajasthan
26342,26342,,611503514,611503514,INC,abdul_warsi,To Be Added
21583,21583,,837961213162176512,837961213162176512,INC,Rajeshkjain2013,To Be Added
26116,26116,,1001109655790080000,1001109655790080000,INC,INTUCnational,To Be Added
20005,20005,,21551562,21551562,INC,NizamFoujdar,To Be Added
14759,14759,1.0,951568513856036864,951568513856036864,INC,bengaluru_rural,Karnataka
18255,18255,,928876662120259584,928876662120259584,INC,sidam_chandra,To Be Added
4222,4222,1.0,945291746035908608,945291746035908608,INC,hM0USxawt5rwjDA,Rajasthan
2622,2622,1.0,3037943491,3037943491,INC,AkshayPunj_INC,Punjab
17798,17798,1.0,774143844174573568,774143844174573568,INC,AdvSandesh1,Maharashtra
3771,3771,1.0,318873814,318873814,INC,vishal_INC,To Be Added
20016,20016,,922573917843103744,922573917843103744,INC,abhaSin93574099,To Be Added
18808,18808,,1258040737289003009,1258040737289003008,INC,MJOSEPHJERALD4,To Be Added
26669,26669,,1036795602091134977,1036795602091134976,INC,KCMahto1,To Be Added
